group_id,kept_bit,kept_prevalence,n_features,max_distance_to_kept,mean_distance_to_kept,member_bits
0,1380,14851,4,0.13722491264343262,0.06577874720096588,650;1380;1750;1873
194,728,615,2,0.12229102849960327,0.061145514249801636,728;1631
1,807,11779,2,0.1410071849822998,0.0705035924911499,807;1917
157,838,716,2,0.1635388731956482,0.0817694365978241,838;1963
18,841,3879,2,0.1756272315979004,0.0878136157989502,841;1536
324,1462,391,2,0.17990654706954956,0.08995327353477478,453;1462
25,1476,2913,2,0.16655540466308594,0.08327770233154297,350;1476
582,1926,210,2,0.18061673641204834,0.09030836820602417,474;1926
1966,0,18,1,0.0,0.0,0
40,1,2019,1,0.0,0.0,1
256,2,492,1,0.0,0.0,2
1147,3,93,1,0.0,0.0,3
947,4,117,1,0.0,0.0,4
601,5,201,1,0.0,0.0,5
2009,6,13,1,0.0,0.0,6
1136,7,94,1,0.0,0.0,7
291,8,436,1,0.0,0.0,8
643,9,185,1,0.0,0.0,9
1940,10,21,1,0.0,0.0,10
673,11,175,1,0.0,0.0,11
1784,12,35,1,0.0,0.0,12
184,13,642,1,0.0,0.0,13
130,14,873,1,0.0,0.0,14
1190,15,87,1,0.0,0.0,15
1502,16,56,1,0.0,0.0,16
1864,17,29,1,0.0,0.0,17
1865,18,29,1,0.0,0.0,18
1681,19,43,1,0.0,0.0,19
1618,20,47,1,0.0,0.0,20
883,21,127,1,0.0,0.0,21
1948,22,20,1,0.0,0.0,22
1605,23,48,1,0.0,0.0,23
686,24,172,1,0.0,0.0,24
235,25,524,1,0.0,0.0,25
1338,26,71,1,0.0,0.0,26
1249,27,80,1,0.0,0.0,27
1801,28,34,1,0.0,0.0,28
146,29,770,1,0.0,0.0,29
310,30,407,1,0.0,0.0,30
254,31,498,1,0.0,0.0,31
233,32,530,1,0.0,0.0,32
900,33,124,1,0.0,0.0,33
316,34,399,1,0.0,0.0,34
948,35,117,1,0.0,0.0,35
1817,36,33,1,0.0,0.0,36
1731,37,39,1,0.0,0.0,37
362,38,356,1,0.0,0.0,38
819,39,140,1,0.0,0.0,39
1524,40,54,1,0.0,0.0,40
41,41,2011,1,0.0,0.0,41
209,42,582,1,0.0,0.0,42
240,43,518,1,0.0,0.0,43
657,44,178,1,0.0,0.0,44
138,45,809,1,0.0,0.0,45
1525,46,54,1,0.0,0.0,46
1818,47,33,1,0.0,0.0,47
569,48,214,1,0.0,0.0,48
1912,49,24,1,0.0,0.0,49
250,50,502,1,0.0,0.0,50
1666,51,44,1,0.0,0.0,51
873,52,128,1,0.0,0.0,52
1125,53,95,1,0.0,0.0,53
513,54,241,1,0.0,0.0,54
1984,55,16,1,0.0,0.0,55
1037,56,104,1,0.0,0.0,56
993,57,111,1,0.0,0.0,57
874,58,128,1,0.0,0.0,58
1526,59,54,1,0.0,0.0,59
702,60,168,1,0.0,0.0,60
766,61,151,1,0.0,0.0,61
776,62,150,1,0.0,0.0,62
870,63,129,1,0.0,0.0,63
1261,64,79,1,0.0,0.0,64
1421,65,64,1,0.0,0.0,65
1593,66,49,1,0.0,0.0,66
724,67,162,1,0.0,0.0,67
1460,68,60,1,0.0,0.0,68
452,69,281,1,0.0,0.0,69
1422,70,64,1,0.0,0.0,70
1710,71,41,1,0.0,0.0,71
795,72,146,1,0.0,0.0,72
1576,73,50,1,0.0,0.0,73
115,74,932,1,0.0,0.0,74
901,75,124,1,0.0,0.0,75
1000,76,110,1,0.0,0.0,76
712,77,166,1,0.0,0.0,77
1339,78,71,1,0.0,0.0,78
664,79,177,1,0.0,0.0,79
3,80,9939,1,0.0,0.0,80
544,81,225,1,0.0,0.0,81
1561,82,51,1,0.0,0.0,82
541,83,226,1,0.0,0.0,83
622,84,194,1,0.0,0.0,84
2017,85,12,1,0.0,0.0,85
1383,86,68,1,0.0,0.0,86
1185,87,88,1,0.0,0.0,87
1802,88,34,1,0.0,0.0,88
940,89,118,1,0.0,0.0,89
126,90,888,1,0.0,0.0,90
1851,91,31,1,0.0,0.0,91
299,92,423,1,0.0,0.0,92
345,93,366,1,0.0,0.0,93
85,94,1191,1,0.0,0.0,94
782,95,149,1,0.0,0.0,95
1403,96,66,1,0.0,0.0,96
539,97,227,1,0.0,0.0,97
1274,98,78,1,0.0,0.0,98
658,99,178,1,0.0,0.0,99
1413,100,65,1,0.0,0.0,100
1606,101,48,1,0.0,0.0,101
123,102,905,1,0.0,0.0,102
1900,103,25,1,0.0,0.0,103
693,104,170,1,0.0,0.0,104
655,105,180,1,0.0,0.0,105
875,106,128,1,0.0,0.0,106
739,107,159,1,0.0,0.0,107
1758,108,37,1,0.0,0.0,108
1803,109,34,1,0.0,0.0,109
967,110,114,1,0.0,0.0,110
1310,111,74,1,0.0,0.0,111
1126,112,95,1,0.0,0.0,112
2028,113,10,1,0.0,0.0,113
88,114,1149,1,0.0,0.0,114
1026,115,107,1,0.0,0.0,115
61,116,1544,1,0.0,0.0,116
249,117,505,1,0.0,0.0,117
585,118,207,1,0.0,0.0,118
132,119,864,1,0.0,0.0,119
833,120,137,1,0.0,0.0,120
432,121,294,1,0.0,0.0,121
825,122,139,1,0.0,0.0,122
1275,123,78,1,0.0,0.0,123
2032,124,8,1,0.0,0.0,124
1577,125,50,1,0.0,0.0,125
916,126,122,1,0.0,0.0,126
1069,127,100,1,0.0,0.0,127
1311,128,74,1,0.0,0.0,128
1594,129,49,1,0.0,0.0,129
524,130,235,1,0.0,0.0,130
725,131,162,1,0.0,0.0,131
1836,132,32,1,0.0,0.0,132
307,133,409,1,0.0,0.0,133
1667,134,44,1,0.0,0.0,134
1178,135,89,1,0.0,0.0,135
1205,136,85,1,0.0,0.0,136
1097,137,97,1,0.0,0.0,137
1148,138,93,1,0.0,0.0,138
1340,139,71,1,0.0,0.0,139
78,140,1301,1,0.0,0.0,140
1636,141,46,1,0.0,0.0,141
974,142,113,1,0.0,0.0,142
570,143,214,1,0.0,0.0,143
1156,144,91,1,0.0,0.0,144
118,145,915,1,0.0,0.0,145
1010,146,109,1,0.0,0.0,146
117,147,916,1,0.0,0.0,147
762,148,152,1,0.0,0.0,148
793,149,147,1,0.0,0.0,149
1857,150,30,1,0.0,0.0,150
923,151,120,1,0.0,0.0,151
1804,152,34,1,0.0,0.0,152
1578,153,50,1,0.0,0.0,153
703,154,168,1,0.0,0.0,154
1149,155,93,1,0.0,0.0,155
1668,156,44,1,0.0,0.0,156
591,157,203,1,0.0,0.0,157
445,158,286,1,0.0,0.0,158
1030,159,106,1,0.0,0.0,159
1001,160,110,1,0.0,0.0,160
1290,161,76,1,0.0,0.0,161
45,162,1911,1,0.0,0.0,162
1579,163,50,1,0.0,0.0,163
865,164,130,1,0.0,0.0,164
251,165,501,1,0.0,0.0,165
1732,166,39,1,0.0,0.0,166
580,167,210,1,0.0,0.0,167
856,168,132,1,0.0,0.0,168
748,169,155,1,0.0,0.0,169
1733,170,39,1,0.0,0.0,170
1397,171,67,1,0.0,0.0,171
1196,172,86,1,0.0,0.0,172
1721,173,40,1,0.0,0.0,173
1882,174,27,1,0.0,0.0,174
1467,175,59,1,0.0,0.0,175
1772,176,36,1,0.0,0.0,176
616,177,197,1,0.0,0.0,177
2002,178,14,1,0.0,0.0,178
560,179,217,1,0.0,0.0,179
331,180,381,1,0.0,0.0,180
1607,181,48,1,0.0,0.0,181
1137,182,94,1,0.0,0.0,182
2010,183,13,1,0.0,0.0,183
185,184,641,1,0.0,0.0,184
1722,185,40,1,0.0,0.0,185
286,186,437,1,0.0,0.0,186
683,187,173,1,0.0,0.0,187
1179,188,89,1,0.0,0.0,188
1669,189,44,1,0.0,0.0,189
1734,190,39,1,0.0,0.0,190
46,191,1892,1,0.0,0.0,191
302,192,419,1,0.0,0.0,192
392,193,328,1,0.0,0.0,193
876,194,128,1,0.0,0.0,194
726,195,162,1,0.0,0.0,195
842,196,135,1,0.0,0.0,196
32,197,2319,1,0.0,0.0,197
1049,198,103,1,0.0,0.0,198
1032,199,105,1,0.0,0.0,199
1438,200,62,1,0.0,0.0,200
1548,201,52,1,0.0,0.0,201
471,202,263,1,0.0,0.0,202
351,203,363,1,0.0,0.0,203
571,204,214,1,0.0,0.0,204
962,205,115,1,0.0,0.0,205
1637,206,46,1,0.0,0.0,206
301,207,421,1,0.0,0.0,207
1638,208,46,1,0.0,0.0,208
1011,209,109,1,0.0,0.0,209
674,210,175,1,0.0,0.0,210
1488,211,57,1,0.0,0.0,211
639,212,186,1,0.0,0.0,212
545,213,225,1,0.0,0.0,213
800,214,144,1,0.0,0.0,214
1038,215,104,1,0.0,0.0,215
71,216,1375,1,0.0,0.0,216
522,217,236,1,0.0,0.0,217
475,218,261,1,0.0,0.0,218
607,219,199,1,0.0,0.0,219
727,220,162,1,0.0,0.0,220
236,221,523,1,0.0,0.0,221
206,222,587,1,0.0,0.0,222
1510,223,55,1,0.0,0.0,223
968,224,114,1,0.0,0.0,224
2003,225,14,1,0.0,0.0,225
820,226,140,1,0.0,0.0,226
243,227,513,1,0.0,0.0,227
1805,228,34,1,0.0,0.0,228
1262,229,79,1,0.0,0.0,229
659,230,178,1,0.0,0.0,230
147,231,767,1,0.0,0.0,231
1039,232,104,1,0.0,0.0,232
172,233,668,1,0.0,0.0,233
1883,234,27,1,0.0,0.0,234
103,235,998,1,0.0,0.0,235
1682,236,43,1,0.0,0.0,236
213,237,577,1,0.0,0.0,237
1744,238,38,1,0.0,0.0,238
910,239,123,1,0.0,0.0,239
1168,240,90,1,0.0,0.0,240
356,241,360,1,0.0,0.0,241
416,242,307,1,0.0,0.0,242
1866,243,29,1,0.0,0.0,243
1354,244,70,1,0.0,0.0,244
252,245,501,1,0.0,0.0,245
777,246,150,1,0.0,0.0,246
1327,247,72,1,0.0,0.0,247
300,248,422,1,0.0,0.0,248
47,249,1867,1,0.0,0.0,249
1169,250,90,1,0.0,0.0,250
461,251,274,1,0.0,0.0,251
342,252,367,1,0.0,0.0,252
1595,253,49,1,0.0,0.0,253
787,254,148,1,0.0,0.0,254
151,255,746,1,0.0,0.0,255
1759,256,37,1,0.0,0.0,256
602,257,201,1,0.0,0.0,257
1806,258,34,1,0.0,0.0,258
1341,259,71,1,0.0,0.0,259
1215,260,84,1,0.0,0.0,260
1683,261,43,1,0.0,0.0,261
1002,262,110,1,0.0,0.0,262
576,263,212,1,0.0,0.0,263
1901,264,25,1,0.0,0.0,264
259,265,480,1,0.0,0.0,265
1807,266,34,1,0.0,0.0,266
1216,267,84,1,0.0,0.0,267
488,268,253,1,0.0,0.0,268
1281,269,77,1,0.0,0.0,269
387,270,336,1,0.0,0.0,270
1303,271,75,1,0.0,0.0,271
1355,272,70,1,0.0,0.0,272
1180,273,89,1,0.0,0.0,273
2029,274,10,1,0.0,0.0,274
1735,275,39,1,0.0,0.0,275
1439,276,62,1,0.0,0.0,276
675,277,175,1,0.0,0.0,277
287,278,437,1,0.0,0.0,278
1930,279,22,1,0.0,0.0,279
1404,280,66,1,0.0,0.0,280
207,281,587,1,0.0,0.0,281
439,282,288,1,0.0,0.0,282
102,283,1002,1,0.0,0.0,283
1760,284,37,1,0.0,0.0,284
1696,285,42,1,0.0,0.0,285
1549,286,52,1,0.0,0.0,286
952,287,116,1,0.0,0.0,287
1031,288,106,1,0.0,0.0,288
197,289,610,1,0.0,0.0,289
1651,290,45,1,0.0,0.0,290
953,291,116,1,0.0,0.0,291
1736,292,39,1,0.0,0.0,292
1312,293,74,1,0.0,0.0,293
38,294,2153,1,0.0,0.0,294
1150,295,93,1,0.0,0.0,295
1250,296,80,1,0.0,0.0,296
1328,297,72,1,0.0,0.0,297
1924,298,23,1,0.0,0.0,298
1384,299,68,1,0.0,0.0,299
1954,300,19,1,0.0,0.0,300
718,301,163,1,0.0,0.0,301
1884,302,27,1,0.0,0.0,302
1893,303,26,1,0.0,0.0,303
608,304,199,1,0.0,0.0,304
119,305,915,1,0.0,0.0,305
1291,306,76,1,0.0,0.0,306
963,307,115,1,0.0,0.0,307
1684,308,43,1,0.0,0.0,308
257,309,484,1,0.0,0.0,309
57,310,1656,1,0.0,0.0,310
656,311,179,1,0.0,0.0,311
734,312,161,1,0.0,0.0,312
890,313,126,1,0.0,0.0,313
12,314,4956,1,0.0,0.0,314
849,315,133,1,0.0,0.0,315
1596,316,49,1,0.0,0.0,316
279,317,443,1,0.0,0.0,317
380,318,341,1,0.0,0.0,318
62,319,1538,1,0.0,0.0,319
975,320,113,1,0.0,0.0,320
1468,321,59,1,0.0,0.0,321
23,322,3216,1,0.0,0.0,322
564,323,216,1,0.0,0.0,323
1808,324,34,1,0.0,0.0,324
188,325,632,1,0.0,0.0,325
1356,326,70,1,0.0,0.0,326
450,327,283,1,0.0,0.0,327
511,328,242,1,0.0,0.0,328
1370,329,69,1,0.0,0.0,329
1580,330,50,1,0.0,0.0,330
1537,331,53,1,0.0,0.0,331
2033,332,8,1,0.0,0.0,332
192,333,621,1,0.0,0.0,333
1251,334,80,1,0.0,0.0,334
199,335,602,1,0.0,0.0,335
1837,336,32,1,0.0,0.0,336
834,337,137,1,0.0,0.0,337
551,338,222,1,0.0,0.0,338
1157,339,91,1,0.0,0.0,339
1608,340,48,1,0.0,0.0,340
89,341,1147,1,0.0,0.0,341
1597,342,49,1,0.0,0.0,342
728,343,162,1,0.0,0.0,343
393,344,328,1,0.0,0.0,344
884,345,127,1,0.0,0.0,345
1711,346,41,1,0.0,0.0,346
1581,347,50,1,0.0,0.0,347
492,348,251,1,0.0,0.0,348
1511,349,55,1,0.0,0.0,349
1461,351,60,1,0.0,0.0,351
72,352,1373,1,0.0,0.0,352
1462,353,60,1,0.0,0.0,353
361,354,357,1,0.0,0.0,354
1670,355,44,1,0.0,0.0,355
1489,356,57,1,0.0,0.0,356
783,357,149,1,0.0,0.0,357
796,358,146,1,0.0,0.0,358
1652,359,45,1,0.0,0.0,359
1405,360,66,1,0.0,0.0,360
164,361,694,1,0.0,0.0,361
941,362,118,1,0.0,0.0,362
1079,363,99,1,0.0,0.0,363
857,364,132,1,0.0,0.0,364
1745,365,38,1,0.0,0.0,365
116,366,922,1,0.0,0.0,366
1894,367,26,1,0.0,0.0,367
592,368,203,1,0.0,0.0,368
647,369,183,1,0.0,0.0,369
1451,370,61,1,0.0,0.0,370
758,371,153,1,0.0,0.0,371
1712,372,41,1,0.0,0.0,372
1197,373,86,1,0.0,0.0,373
468,374,266,1,0.0,0.0,374
1761,375,37,1,0.0,0.0,375
902,376,124,1,0.0,0.0,376
911,377,123,1,0.0,0.0,377
6,378,7469,1,0.0,0.0,378
1170,379,90,1,0.0,0.0,379
964,380,115,1,0.0,0.0,380
447,381,285,1,0.0,0.0,381
1713,382,41,1,0.0,0.0,382
163,383,698,1,0.0,0.0,383
167,384,691,1,0.0,0.0,384
161,385,700,1,0.0,0.0,385
1276,386,78,1,0.0,0.0,386
190,387,622,1,0.0,0.0,387
1714,388,41,1,0.0,0.0,388
21,389,3489,1,0.0,0.0,389
1773,390,36,1,0.0,0.0,390
1469,391,59,1,0.0,0.0,391
106,392,994,1,0.0,0.0,392
1819,393,33,1,0.0,0.0,393
423,394,303,1,0.0,0.0,394
1925,395,23,1,0.0,0.0,395
1224,396,83,1,0.0,0.0,396
1538,397,53,1,0.0,0.0,397
1902,398,25,1,0.0,0.0,398
1357,399,70,1,0.0,0.0,399
421,400,304,1,0.0,0.0,400
593,401,203,1,0.0,0.0,401
1440,402,62,1,0.0,0.0,402
1054,403,102,1,0.0,0.0,403
1206,404,85,1,0.0,0.0,404
1127,405,95,1,0.0,0.0,405
347,406,365,1,0.0,0.0,406
54,407,1706,1,0.0,0.0,407
1003,408,110,1,0.0,0.0,408
885,409,127,1,0.0,0.0,409
660,410,178,1,0.0,0.0,410
994,411,111,1,0.0,0.0,411
525,412,235,1,0.0,0.0,412
924,413,120,1,0.0,0.0,413
1653,414,45,1,0.0,0.0,414
1820,415,33,1,0.0,0.0,415
1867,416,29,1,0.0,0.0,416
1452,417,61,1,0.0,0.0,417
1913,418,24,1,0.0,0.0,418
427,419,300,1,0.0,0.0,419
1080,420,99,1,0.0,0.0,420
1371,421,69,1,0.0,0.0,421
850,422,133,1,0.0,0.0,422
1441,423,62,1,0.0,0.0,423
1723,424,40,1,0.0,0.0,424
349,425,364,1,0.0,0.0,425
1098,426,97,1,0.0,0.0,426
1527,427,54,1,0.0,0.0,427
391,428,330,1,0.0,0.0,428
1528,429,54,1,0.0,0.0,429
1186,430,88,1,0.0,0.0,430
1406,431,66,1,0.0,0.0,431
930,432,119,1,0.0,0.0,432
1539,433,53,1,0.0,0.0,433
1737,434,39,1,0.0,0.0,434
2018,435,12,1,0.0,0.0,435
1931,436,22,1,0.0,0.0,436
479,437,258,1,0.0,0.0,437
1236,438,82,1,0.0,0.0,438
1985,439,16,1,0.0,0.0,439
315,440,401,1,0.0,0.0,440
202,441,598,1,0.0,0.0,441
1128,442,95,1,0.0,0.0,442
1138,443,94,1,0.0,0.0,443
1442,444,62,1,0.0,0.0,444
1470,445,59,1,0.0,0.0,445
377,446,343,1,0.0,0.0,446
1476,447,58,1,0.0,0.0,447
255,448,497,1,0.0,0.0,448
1198,449,86,1,0.0,0.0,449
2023,450,11,1,0.0,0.0,450
1199,451,86,1,0.0,0.0,451
1358,452,70,1,0.0,0.0,452
784,454,149,1,0.0,0.0,454
1304,455,75,1,0.0,0.0,455
498,456,248,1,0.0,0.0,456
1225,457,83,1,0.0,0.0,457
719,458,163,1,0.0,0.0,458
572,459,214,1,0.0,0.0,459
1111,460,96,1,0.0,0.0,460
216,461,572,1,0.0,0.0,461
2011,462,13,1,0.0,0.0,462
552,463,222,1,0.0,0.0,463
170,464,683,1,0.0,0.0,464
565,465,216,1,0.0,0.0,465
1359,466,70,1,0.0,0.0,466
1512,467,55,1,0.0,0.0,467
1785,468,35,1,0.0,0.0,468
443,469,287,1,0.0,0.0,469
969,470,114,1,0.0,0.0,470
797,471,146,1,0.0,0.0,471
763,472,152,1,0.0,0.0,472
410,473,312,1,0.0,0.0,473
1313,475,74,1,0.0,0.0,475
785,476,149,1,0.0,0.0,476
1477,477,58,1,0.0,0.0,477
1975,478,17,1,0.0,0.0,478
1513,479,55,1,0.0,0.0,479
440,480,288,1,0.0,0.0,480
386,481,337,1,0.0,0.0,481
1423,482,64,1,0.0,0.0,482
1967,483,18,1,0.0,0.0,483
553,484,222,1,0.0,0.0,484
1099,485,97,1,0.0,0.0,485
35,486,2251,1,0.0,0.0,486
327,487,385,1,0.0,0.0,487
696,488,169,1,0.0,0.0,488
288,489,437,1,0.0,0.0,489
375,490,344,1,0.0,0.0,490
418,491,305,1,0.0,0.0,491
1838,492,32,1,0.0,0.0,492
862,493,131,1,0.0,0.0,493
1282,494,77,1,0.0,0.0,494
1619,495,47,1,0.0,0.0,495
954,496,116,1,0.0,0.0,496
478,497,259,1,0.0,0.0,497
2019,498,12,1,0.0,0.0,498
1112,499,96,1,0.0,0.0,499
1226,500,83,1,0.0,0.0,500
177,501,661,1,0.0,0.0,501
296,502,427,1,0.0,0.0,502
651,503,181,1,0.0,0.0,503
97,504,1034,1,0.0,0.0,504
2034,505,8,1,0.0,0.0,505
1342,506,71,1,0.0,0.0,506
505,507,244,1,0.0,0.0,507
1992,508,15,1,0.0,0.0,508
1685,509,43,1,0.0,0.0,509
1113,510,96,1,0.0,0.0,510
1050,511,103,1,0.0,0.0,511
1070,512,100,1,0.0,0.0,512
1639,513,46,1,0.0,0.0,513
1227,514,83,1,0.0,0.0,514
1129,515,95,1,0.0,0.0,515
1283,516,77,1,0.0,0.0,516
1529,517,54,1,0.0,0.0,517
1762,518,37,1,0.0,0.0,518
1004,519,110,1,0.0,0.0,519
1774,520,36,1,0.0,0.0,520
1609,521,48,1,0.0,0.0,521
1424,522,64,1,0.0,0.0,522
173,523,667,1,0.0,0.0,523
485,524,255,1,0.0,0.0,524
214,525,576,1,0.0,0.0,525
277,526,445,1,0.0,0.0,526
179,527,658,1,0.0,0.0,527
1414,528,65,1,0.0,0.0,528
1598,529,49,1,0.0,0.0,529
409,530,314,1,0.0,0.0,530
831,531,138,1,0.0,0.0,531
1385,532,68,1,0.0,0.0,532
1158,533,91,1,0.0,0.0,533
1200,534,86,1,0.0,0.0,534
720,535,163,1,0.0,0.0,535
1171,536,90,1,0.0,0.0,536
1993,537,15,1,0.0,0.0,537
1490,538,57,1,0.0,0.0,538
604,539,200,1,0.0,0.0,539
721,540,163,1,0.0,0.0,540
955,541,116,1,0.0,0.0,541
1088,542,98,1,0.0,0.0,542
1407,543,66,1,0.0,0.0,543
903,544,124,1,0.0,0.0,544
1968,545,18,1,0.0,0.0,545
1640,546,46,1,0.0,0.0,546
925,547,120,1,0.0,0.0,547
801,548,144,1,0.0,0.0,548
1686,549,43,1,0.0,0.0,549
284,550,439,1,0.0,0.0,550
1903,551,25,1,0.0,0.0,551
93,552,1087,1,0.0,0.0,552
1610,553,48,1,0.0,0.0,553
506,554,243,1,0.0,0.0,554
376,555,344,1,0.0,0.0,555
595,556,202,1,0.0,0.0,556
338,557,375,1,0.0,0.0,557
519,558,237,1,0.0,0.0,558
1159,559,91,1,0.0,0.0,559
1582,560,50,1,0.0,0.0,560
51,561,1808,1,0.0,0.0,561
208,562,587,1,0.0,0.0,562
1040,563,104,1,0.0,0.0,563
122,564,906,1,0.0,0.0,564
1724,565,40,1,0.0,0.0,565
1955,566,19,1,0.0,0.0,566
1738,567,39,1,0.0,0.0,567
1415,568,65,1,0.0,0.0,568
798,569,145,1,0.0,0.0,569
1114,570,96,1,0.0,0.0,570
1207,571,85,1,0.0,0.0,571
1550,572,52,1,0.0,0.0,572
378,573,343,1,0.0,0.0,573
1687,574,43,1,0.0,0.0,574
438,575,289,1,0.0,0.0,575
1012,576,109,1,0.0,0.0,576
697,577,169,1,0.0,0.0,577
1976,578,17,1,0.0,0.0,578
1252,579,80,1,0.0,0.0,579
802,580,144,1,0.0,0.0,580
1503,581,56,1,0.0,0.0,581
1329,582,72,1,0.0,0.0,582
1821,583,33,1,0.0,0.0,583
1081,584,99,1,0.0,0.0,584
166,585,692,1,0.0,0.0,585
144,586,781,1,0.0,0.0,586
1154,587,92,1,0.0,0.0,587
394,588,328,1,0.0,0.0,588
1013,589,109,1,0.0,0.0,589
1041,590,104,1,0.0,0.0,590
596,591,202,1,0.0,0.0,591
419,592,305,1,0.0,0.0,592
722,593,163,1,0.0,0.0,593
1868,594,29,1,0.0,0.0,594
1059,595,101,1,0.0,0.0,595
1504,596,56,1,0.0,0.0,596
325,597,389,1,0.0,0.0,597
496,598,249,1,0.0,0.0,598
704,599,168,1,0.0,0.0,599
837,600,136,1,0.0,0.0,600
2004,601,14,1,0.0,0.0,601
1540,602,53,1,0.0,0.0,602
1055,603,102,1,0.0,0.0,603
1654,604,45,1,0.0,0.0,604
1562,605,51,1,0.0,0.0,605
263,606,477,1,0.0,0.0,606
1305,607,75,1,0.0,0.0,607
1443,608,62,1,0.0,0.0,608
759,609,153,1,0.0,0.0,609
965,610,115,1,0.0,0.0,610
886,611,127,1,0.0,0.0,611
1655,612,45,1,0.0,0.0,612
617,613,197,1,0.0,0.0,613
1139,614,94,1,0.0,0.0,614
1019,615,108,1,0.0,0.0,615
2024,616,11,1,0.0,0.0,616
1201,617,86,1,0.0,0.0,617
808,618,143,1,0.0,0.0,618
1228,619,83,1,0.0,0.0,619
1697,620,42,1,0.0,0.0,620
1005,621,110,1,0.0,0.0,621
1082,622,99,1,0.0,0.0,622
306,623,411,1,0.0,0.0,623
195,624,612,1,0.0,0.0,624
803,625,144,1,0.0,0.0,625
412,626,311,1,0.0,0.0,626
1869,627,29,1,0.0,0.0,627
1491,628,57,1,0.0,0.0,628
1160,629,91,1,0.0,0.0,629
1172,630,90,1,0.0,0.0,630
1879,631,28,1,0.0,0.0,631
826,632,139,1,0.0,0.0,632
1926,633,23,1,0.0,0.0,633
1100,634,97,1,0.0,0.0,634
318,635,398,1,0.0,0.0,635
1839,636,32,1,0.0,0.0,636
1343,637,71,1,0.0,0.0,637
483,638,256,1,0.0,0.0,638
1994,639,15,1,0.0,0.0,639
1101,640,97,1,0.0,0.0,640
1089,641,98,1,0.0,0.0,641
838,642,136,1,0.0,0.0,642
677,643,174,1,0.0,0.0,643
1932,644,22,1,0.0,0.0,644
1202,645,86,1,0.0,0.0,645
904,646,124,1,0.0,0.0,646
1372,647,69,1,0.0,0.0,647
2030,648,10,1,0.0,0.0,648
1042,649,104,1,0.0,0.0,649
1541,651,53,1,0.0,0.0,651
210,652,582,1,0.0,0.0,652
705,653,168,1,0.0,0.0,653
778,654,150,1,0.0,0.0,654
1822,655,33,1,0.0,0.0,655
17,656,3928,1,0.0,0.0,656
1786,657,35,1,0.0,0.0,657
619,658,195,1,0.0,0.0,658
1787,659,35,1,0.0,0.0,659
1330,660,72,1,0.0,0.0,660
1284,661,77,1,0.0,0.0,661
1870,662,29,1,0.0,0.0,662
1880,663,28,1,0.0,0.0,663
779,664,150,1,0.0,0.0,664
1173,665,90,1,0.0,0.0,665
359,666,359,1,0.0,0.0,666
59,667,1606,1,0.0,0.0,667
1373,668,69,1,0.0,0.0,668
1840,669,32,1,0.0,0.0,669
1027,670,107,1,0.0,0.0,670
1344,671,71,1,0.0,0.0,671
1374,672,69,1,0.0,0.0,672
1505,673,56,1,0.0,0.0,673
53,674,1781,1,0.0,0.0,674
19,675,3542,1,0.0,0.0,675
918,676,121,1,0.0,0.0,676
931,677,119,1,0.0,0.0,677
1217,678,84,1,0.0,0.0,678
891,679,126,1,0.0,0.0,679
142,680,789,1,0.0,0.0,680
623,681,194,1,0.0,0.0,681
1187,682,88,1,0.0,0.0,682
1995,683,15,1,0.0,0.0,683
788,684,148,1,0.0,0.0,684
363,685,356,1,0.0,0.0,685
1444,686,62,1,0.0,0.0,686
313,687,403,1,0.0,0.0,687
780,688,150,1,0.0,0.0,688
181,689,646,1,0.0,0.0,689
640,690,186,1,0.0,0.0,690
1656,691,45,1,0.0,0.0,691
231,692,541,1,0.0,0.0,692
652,693,181,1,0.0,0.0,693
43,694,1939,1,0.0,0.0,694
10,695,6358,1,0.0,0.0,695
1620,696,47,1,0.0,0.0,696
1331,697,72,1,0.0,0.0,697
1858,698,30,1,0.0,0.0,698
56,699,1669,1,0.0,0.0,699
1542,700,53,1,0.0,0.0,700
261,701,479,1,0.0,0.0,701
653,702,181,1,0.0,0.0,702
244,703,513,1,0.0,0.0,703
1386,704,68,1,0.0,0.0,704
1823,705,33,1,0.0,0.0,705
1904,706,25,1,0.0,0.0,706
1292,707,76,1,0.0,0.0,707
912,708,123,1,0.0,0.0,708
1969,709,18,1,0.0,0.0,709
594,710,203,1,0.0,0.0,710
863,711,131,1,0.0,0.0,711
1237,712,82,1,0.0,0.0,712
542,713,226,1,0.0,0.0,713
665,714,177,1,0.0,0.0,714
48,715,1867,1,0.0,0.0,715
223,716,556,1,0.0,0.0,716
1514,717,55,1,0.0,0.0,717
27,718,2647,1,0.0,0.0,718
789,719,148,1,0.0,0.0,719
767,720,151,1,0.0,0.0,720
1306,721,75,1,0.0,0.0,721
866,722,130,1,0.0,0.0,722
877,723,128,1,0.0,0.0,723
322,724,392,1,0.0,0.0,724
131,725,868,1,0.0,0.0,725
1492,726,57,1,0.0,0.0,726
966,727,115,1,0.0,0.0,727
1763,729,37,1,0.0,0.0,729
472,730,263,1,0.0,0.0,730
986,731,112,1,0.0,0.0,731
867,732,130,1,0.0,0.0,732
1977,733,17,1,0.0,0.0,733
740,734,159,1,0.0,0.0,734
1657,735,45,1,0.0,0.0,735
113,736,937,1,0.0,0.0,736
1014,737,109,1,0.0,0.0,737
497,738,249,1,0.0,0.0,738
74,739,1364,1,0.0,0.0,739
1996,740,15,1,0.0,0.0,740
1688,741,43,1,0.0,0.0,741
1387,742,68,1,0.0,0.0,742
1043,743,104,1,0.0,0.0,743
540,744,227,1,0.0,0.0,744
226,745,554,1,0.0,0.0,745
1551,746,52,1,0.0,0.0,746
203,747,592,1,0.0,0.0,747
1725,748,40,1,0.0,0.0,748
1006,749,110,1,0.0,0.0,749
220,750,558,1,0.0,0.0,750
1060,751,101,1,0.0,0.0,751
1978,752,17,1,0.0,0.0,752
141,753,796,1,0.0,0.0,753
1453,754,61,1,0.0,0.0,754
768,755,151,1,0.0,0.0,755
2025,756,11,1,0.0,0.0,756
420,757,305,1,0.0,0.0,757
320,758,396,1,0.0,0.0,758
341,759,371,1,0.0,0.0,759
280,760,442,1,0.0,0.0,760
1764,761,37,1,0.0,0.0,761
292,762,435,1,0.0,0.0,762
932,763,119,1,0.0,0.0,763
1841,764,32,1,0.0,0.0,764
1083,765,99,1,0.0,0.0,765
584,766,208,1,0.0,0.0,766
1478,767,58,1,0.0,0.0,767
1543,768,53,1,0.0,0.0,768
671,769,176,1,0.0,0.0,769
1824,770,33,1,0.0,0.0,770
275,771,446,1,0.0,0.0,771
1445,772,62,1,0.0,0.0,772
1658,773,45,1,0.0,0.0,773
1544,774,53,1,0.0,0.0,774
1277,775,78,1,0.0,0.0,775
2005,776,14,1,0.0,0.0,776
1375,777,69,1,0.0,0.0,777
1671,778,44,1,0.0,0.0,778
1895,779,26,1,0.0,0.0,779
678,780,174,1,0.0,0.0,780
52,781,1789,1,0.0,0.0,781
1115,782,96,1,0.0,0.0,782
586,783,207,1,0.0,0.0,783
204,784,592,1,0.0,0.0,784
397,785,324,1,0.0,0.0,785
672,786,176,1,0.0,0.0,786
237,787,523,1,0.0,0.0,787
1842,788,32,1,0.0,0.0,788
747,789,156,1,0.0,0.0,789
73,790,1366,1,0.0,0.0,790
1825,791,33,1,0.0,0.0,791
1599,792,49,1,0.0,0.0,792
1859,793,30,1,0.0,0.0,793
337,794,376,1,0.0,0.0,794
1446,795,62,1,0.0,0.0,795
1242,796,81,1,0.0,0.0,796
1090,797,98,1,0.0,0.0,797
228,798,550,1,0.0,0.0,798
694,799,170,1,0.0,0.0,799
145,800,778,1,0.0,0.0,800
1218,801,84,1,0.0,0.0,801
69,802,1427,1,0.0,0.0,802
169,803,686,1,0.0,0.0,803
502,804,246,1,0.0,0.0,804
1388,805,68,1,0.0,0.0,805
153,806,741,1,0.0,0.0,806
1515,808,55,1,0.0,0.0,808
247,809,511,1,0.0,0.0,809
1454,810,61,1,0.0,0.0,810
269,811,458,1,0.0,0.0,811
1765,812,37,1,0.0,0.0,812
804,813,144,1,0.0,0.0,813
1471,814,59,1,0.0,0.0,814
583,815,209,1,0.0,0.0,815
133,816,838,1,0.0,0.0,816
1314,817,74,1,0.0,0.0,817
1398,818,67,1,0.0,0.0,818
470,819,264,1,0.0,0.0,819
913,820,123,1,0.0,0.0,820
942,821,118,1,0.0,0.0,821
1659,822,45,1,0.0,0.0,822
1278,823,78,1,0.0,0.0,823
1285,824,77,1,0.0,0.0,824
1583,825,50,1,0.0,0.0,825
858,826,132,1,0.0,0.0,826
1360,827,70,1,0.0,0.0,827
352,828,363,1,0.0,0.0,828
1293,829,76,1,0.0,0.0,829
1788,830,35,1,0.0,0.0,830
114,831,936,1,0.0,0.0,831
1084,832,99,1,0.0,0.0,832
381,833,341,1,0.0,0.0,833
1020,834,108,1,0.0,0.0,834
124,835,904,1,0.0,0.0,835
1389,836,68,1,0.0,0.0,836
749,837,155,1,0.0,0.0,837
1885,839,27,1,0.0,0.0,839
1151,840,93,1,0.0,0.0,840
1447,842,62,1,0.0,0.0,842
67,843,1441,1,0.0,0.0,843
1015,844,109,1,0.0,0.0,844
554,845,222,1,0.0,0.0,845
605,846,200,1,0.0,0.0,846
273,847,447,1,0.0,0.0,847
1479,848,58,1,0.0,0.0,848
312,849,405,1,0.0,0.0,849
1191,850,87,1,0.0,0.0,850
1789,851,35,1,0.0,0.0,851
489,852,252,1,0.0,0.0,852
1130,853,95,1,0.0,0.0,853
1746,854,38,1,0.0,0.0,854
453,855,281,1,0.0,0.0,855
1584,856,50,1,0.0,0.0,856
851,857,133,1,0.0,0.0,857
1941,858,21,1,0.0,0.0,858
628,859,192,1,0.0,0.0,859
1056,860,102,1,0.0,0.0,860
1102,861,97,1,0.0,0.0,861
613,862,198,1,0.0,0.0,862
1116,863,96,1,0.0,0.0,863
503,864,245,1,0.0,0.0,864
609,865,199,1,0.0,0.0,865
805,866,144,1,0.0,0.0,866
839,867,136,1,0.0,0.0,867
1698,868,42,1,0.0,0.0,868
1563,869,51,1,0.0,0.0,869
840,870,136,1,0.0,0.0,870
1585,871,50,1,0.0,0.0,871
698,872,169,1,0.0,0.0,872
1318,873,73,1,0.0,0.0,873
1843,874,32,1,0.0,0.0,874
9,875,7178,1,0.0,0.0,875
956,876,116,1,0.0,0.0,876
1361,877,70,1,0.0,0.0,877
384,878,338,1,0.0,0.0,878
321,879,396,1,0.0,0.0,879
1660,880,45,1,0.0,0.0,880
110,881,953,1,0.0,0.0,881
1621,882,47,1,0.0,0.0,882
289,883,437,1,0.0,0.0,883
1641,884,46,1,0.0,0.0,884
121,885,907,1,0.0,0.0,885
1766,886,37,1,0.0,0.0,886
754,887,154,1,0.0,0.0,887
265,888,473,1,0.0,0.0,888
1294,889,76,1,0.0,0.0,889
193,890,618,1,0.0,0.0,890
852,891,133,1,0.0,0.0,891
535,892,229,1,0.0,0.0,892
871,893,129,1,0.0,0.0,893
1425,894,64,1,0.0,0.0,894
1229,895,83,1,0.0,0.0,895
65,896,1488,1,0.0,0.0,896
1506,897,56,1,0.0,0.0,897
395,898,328,1,0.0,0.0,898
790,899,148,1,0.0,0.0,899
1767,900,37,1,0.0,0.0,900
205,901,589,1,0.0,0.0,901
1429,902,63,1,0.0,0.0,902
1747,903,38,1,0.0,0.0,903
1933,904,22,1,0.0,0.0,904
1997,905,15,1,0.0,0.0,905
484,906,256,1,0.0,0.0,906
1956,907,19,1,0.0,0.0,907
699,908,169,1,0.0,0.0,908
319,909,397,1,0.0,0.0,909
1507,910,56,1,0.0,0.0,910
679,911,174,1,0.0,0.0,911
1826,912,33,1,0.0,0.0,912
357,913,360,1,0.0,0.0,913
1455,914,61,1,0.0,0.0,914
245,915,513,1,0.0,0.0,915
1263,916,79,1,0.0,0.0,916
557,917,221,1,0.0,0.0,917
1564,918,51,1,0.0,0.0,918
1905,919,25,1,0.0,0.0,919
878,920,128,1,0.0,0.0,920
1642,921,46,1,0.0,0.0,921
1181,922,89,1,0.0,0.0,922
1565,923,51,1,0.0,0.0,923
1161,924,91,1,0.0,0.0,924
413,925,311,1,0.0,0.0,925
7,926,7425,1,0.0,0.0,926
1051,927,103,1,0.0,0.0,927
2012,928,13,1,0.0,0.0,928
1860,929,30,1,0.0,0.0,929
1007,930,110,1,0.0,0.0,930
1219,931,84,1,0.0,0.0,931
266,932,471,1,0.0,0.0,932
1699,933,42,1,0.0,0.0,933
1091,934,98,1,0.0,0.0,934
4,935,8467,1,0.0,0.0,935
1472,936,59,1,0.0,0.0,936
1044,937,104,1,0.0,0.0,937
815,938,141,1,0.0,0.0,938
1886,939,27,1,0.0,0.0,939
403,940,319,1,0.0,0.0,940
168,941,691,1,0.0,0.0,941
370,942,350,1,0.0,0.0,942
1448,943,62,1,0.0,0.0,943
1033,944,105,1,0.0,0.0,944
637,945,187,1,0.0,0.0,945
1611,946,48,1,0.0,0.0,946
516,947,240,1,0.0,0.0,947
1376,948,69,1,0.0,0.0,948
1192,949,87,1,0.0,0.0,949
108,950,970,1,0.0,0.0,950
1586,951,50,1,0.0,0.0,951
1028,952,107,1,0.0,0.0,952
987,953,112,1,0.0,0.0,953
933,954,119,1,0.0,0.0,954
949,955,117,1,0.0,0.0,955
1587,956,50,1,0.0,0.0,956
1493,957,57,1,0.0,0.0,957
1934,958,22,1,0.0,0.0,958
688,959,171,1,0.0,0.0,959
729,960,162,1,0.0,0.0,960
174,961,666,1,0.0,0.0,961
1748,962,38,1,0.0,0.0,962
1827,963,33,1,0.0,0.0,963
844,964,134,1,0.0,0.0,964
988,965,112,1,0.0,0.0,965
741,966,159,1,0.0,0.0,966
229,967,543,1,0.0,0.0,967
1295,968,76,1,0.0,0.0,968
1828,969,33,1,0.0,0.0,969
730,970,162,1,0.0,0.0,970
716,971,164,1,0.0,0.0,971
1957,972,19,1,0.0,0.0,972
769,973,151,1,0.0,0.0,973
64,974,1492,1,0.0,0.0,974
1844,975,32,1,0.0,0.0,975
976,976,113,1,0.0,0.0,976
1085,977,99,1,0.0,0.0,977
473,978,263,1,0.0,0.0,978
1264,979,79,1,0.0,0.0,979
76,980,1339,1,0.0,0.0,980
632,981,189,1,0.0,0.0,981
1768,982,37,1,0.0,0.0,982
476,983,260,1,0.0,0.0,983
264,984,474,1,0.0,0.0,984
1071,985,100,1,0.0,0.0,985
1790,986,35,1,0.0,0.0,986
666,987,177,1,0.0,0.0,987
1845,988,32,1,0.0,0.0,988
1408,989,66,1,0.0,0.0,989
1279,990,78,1,0.0,0.0,990
1265,991,79,1,0.0,0.0,991
919,992,121,1,0.0,0.0,992
1117,993,96,1,0.0,0.0,993
977,994,113,1,0.0,0.0,994
1927,995,23,1,0.0,0.0,995
597,996,202,1,0.0,0.0,996
465,997,271,1,0.0,0.0,997
1791,998,35,1,0.0,0.0,998
1280,999,78,1,0.0,0.0,999
1266,1000,79,1,0.0,0.0,1000
1792,1001,35,1,0.0,0.0,1001
1749,1002,38,1,0.0,0.0,1002
1672,1003,44,1,0.0,0.0,1003
689,1004,171,1,0.0,0.0,1004
451,1005,283,1,0.0,0.0,1005
853,1006,133,1,0.0,0.0,1006
1220,1007,84,1,0.0,0.0,1007
1516,1008,55,1,0.0,0.0,1008
137,1009,827,1,0.0,0.0,1009
405,1010,316,1,0.0,0.0,1010
561,1011,217,1,0.0,0.0,1011
1612,1012,48,1,0.0,0.0,1012
200,1013,599,1,0.0,0.0,1013
624,1014,194,1,0.0,0.0,1014
610,1015,199,1,0.0,0.0,1015
1942,1016,21,1,0.0,0.0,1016
112,1017,938,1,0.0,0.0,1017
532,1018,230,1,0.0,0.0,1018
13,1019,4544,1,0.0,0.0,1019
1852,1020,31,1,0.0,0.0,1020
978,1021,113,1,0.0,0.0,1021
1253,1022,80,1,0.0,0.0,1022
1871,1023,29,1,0.0,0.0,1023
400,1024,322,1,0.0,0.0,1024
323,1025,391,1,0.0,0.0,1025
1715,1026,41,1,0.0,0.0,1026
303,1027,417,1,0.0,0.0,1027
49,1028,1865,1,0.0,0.0,1028
469,1029,266,1,0.0,0.0,1029
1846,1030,32,1,0.0,0.0,1030
794,1031,147,1,0.0,0.0,1031
343,1032,367,1,0.0,0.0,1032
1377,1033,69,1,0.0,0.0,1033
336,1034,378,1,0.0,0.0,1034
328,1035,385,1,0.0,0.0,1035
879,1036,128,1,0.0,0.0,1036
2013,1037,13,1,0.0,0.0,1037
1829,1038,33,1,0.0,0.0,1038
37,1039,2208,1,0.0,0.0,1039
1935,1040,22,1,0.0,0.0,1040
690,1041,171,1,0.0,0.0,1041
1853,1042,31,1,0.0,0.0,1042
305,1043,413,1,0.0,0.0,1043
1928,1044,23,1,0.0,0.0,1044
221,1045,557,1,0.0,0.0,1045
1517,1046,55,1,0.0,0.0,1046
333,1047,380,1,0.0,0.0,1047
1332,1048,72,1,0.0,0.0,1048
219,1049,560,1,0.0,0.0,1049
1267,1050,79,1,0.0,0.0,1050
1622,1051,47,1,0.0,0.0,1051
2014,1052,13,1,0.0,0.0,1052
1345,1053,71,1,0.0,0.0,1053
1254,1054,80,1,0.0,0.0,1054
435,1055,291,1,0.0,0.0,1055
821,1056,140,1,0.0,0.0,1056
2,1057,10786,1,0.0,0.0,1057
1193,1058,87,1,0.0,0.0,1058
1203,1059,86,1,0.0,0.0,1059
128,1060,881,1,0.0,0.0,1060
1914,1061,24,1,0.0,0.0,1061
1072,1062,100,1,0.0,0.0,1062
590,1063,204,1,0.0,0.0,1063
1430,1064,63,1,0.0,0.0,1064
859,1065,132,1,0.0,0.0,1065
79,1066,1287,1,0.0,0.0,1066
2006,1067,14,1,0.0,0.0,1067
1238,1068,82,1,0.0,0.0,1068
1896,1069,26,1,0.0,0.0,1069
212,1070,579,1,0.0,0.0,1070
744,1071,157,1,0.0,0.0,1071
1230,1072,83,1,0.0,0.0,1072
1588,1073,50,1,0.0,0.0,1073
1750,1074,38,1,0.0,0.0,1074
1552,1075,52,1,0.0,0.0,1075
1480,1076,58,1,0.0,0.0,1076
94,1077,1083,1,0.0,0.0,1077
1887,1078,27,1,0.0,0.0,1078
633,1079,189,1,0.0,0.0,1079
1319,1080,73,1,0.0,0.0,1080
1661,1081,45,1,0.0,0.0,1081
872,1082,129,1,0.0,0.0,1082
989,1083,112,1,0.0,0.0,1083
2015,1084,13,1,0.0,0.0,1084
979,1085,113,1,0.0,0.0,1085
755,1086,154,1,0.0,0.0,1086
224,1087,555,1,0.0,0.0,1087
5,1088,8079,1,0.0,0.0,1088
368,1089,351,1,0.0,0.0,1089
462,1090,274,1,0.0,0.0,1090
1029,1091,107,1,0.0,0.0,1091
1194,1092,87,1,0.0,0.0,1092
1662,1093,45,1,0.0,0.0,1093
1426,1094,64,1,0.0,0.0,1094
760,1095,153,1,0.0,0.0,1095
577,1096,212,1,0.0,0.0,1096
91,1097,1115,1,0.0,0.0,1097
2007,1098,14,1,0.0,0.0,1098
466,1099,271,1,0.0,0.0,1099
1793,1100,35,1,0.0,0.0,1100
160,1101,709,1,0.0,0.0,1101
1449,1102,62,1,0.0,0.0,1102
1162,1103,91,1,0.0,0.0,1103
512,1104,242,1,0.0,0.0,1104
731,1105,162,1,0.0,0.0,1105
1140,1106,94,1,0.0,0.0,1106
2008,1107,14,1,0.0,0.0,1107
1809,1108,34,1,0.0,0.0,1108
667,1109,177,1,0.0,0.0,1109
448,1110,284,1,0.0,0.0,1110
1409,1111,66,1,0.0,0.0,1111
1566,1112,51,1,0.0,0.0,1112
1810,1113,34,1,0.0,0.0,1113
33,1114,2273,1,0.0,0.0,1114
1208,1115,85,1,0.0,0.0,1115
1794,1116,35,1,0.0,0.0,1116
1795,1117,35,1,0.0,0.0,1117
1431,1118,63,1,0.0,0.0,1118
1141,1119,94,1,0.0,0.0,1119
809,1120,142,1,0.0,0.0,1120
520,1121,237,1,0.0,0.0,1121
950,1122,117,1,0.0,0.0,1122
620,1123,195,1,0.0,0.0,1123
1589,1124,50,1,0.0,0.0,1124
1073,1125,100,1,0.0,0.0,1125
631,1126,190,1,0.0,0.0,1126
1243,1127,81,1,0.0,0.0,1127
348,1128,365,1,0.0,0.0,1128
1244,1129,81,1,0.0,0.0,1129
1103,1130,97,1,0.0,0.0,1130
1481,1131,58,1,0.0,0.0,1131
1936,1132,22,1,0.0,0.0,1132
1074,1133,100,1,0.0,0.0,1133
995,1134,111,1,0.0,0.0,1134
1296,1135,76,1,0.0,0.0,1135
154,1136,732,1,0.0,0.0,1136
1086,1137,99,1,0.0,0.0,1137
414,1138,310,1,0.0,0.0,1138
1751,1139,38,1,0.0,0.0,1139
1888,1140,27,1,0.0,0.0,1140
217,1141,571,1,0.0,0.0,1141
1494,1142,57,1,0.0,0.0,1142
887,1143,127,1,0.0,0.0,1143
1432,1144,63,1,0.0,0.0,1144
28,1145,2496,1,0.0,0.0,1145
1613,1146,48,1,0.0,0.0,1146
521,1147,237,1,0.0,0.0,1147
562,1148,217,1,0.0,0.0,1148
1600,1149,49,1,0.0,0.0,1149
957,1150,116,1,0.0,0.0,1150
1716,1151,41,1,0.0,0.0,1151
8,1152,7279,1,0.0,0.0,1152
1378,1153,69,1,0.0,0.0,1153
706,1154,168,1,0.0,0.0,1154
430,1155,298,1,0.0,0.0,1155
1239,1156,82,1,0.0,0.0,1156
329,1157,384,1,0.0,0.0,1157
480,1158,258,1,0.0,0.0,1158
1410,1159,66,1,0.0,0.0,1159
30,1160,2464,1,0.0,0.0,1160
1958,1161,19,1,0.0,0.0,1161
335,1162,379,1,0.0,0.0,1162
211,1163,581,1,0.0,0.0,1163
95,1164,1080,1,0.0,0.0,1164
1739,1165,39,1,0.0,0.0,1165
1689,1166,43,1,0.0,0.0,1166
1245,1167,81,1,0.0,0.0,1167
459,1168,278,1,0.0,0.0,1168
1970,1169,18,1,0.0,0.0,1169
1700,1170,42,1,0.0,0.0,1170
60,1171,1596,1,0.0,0.0,1171
1796,1172,35,1,0.0,0.0,1172
1433,1173,63,1,0.0,0.0,1173
756,1174,154,1,0.0,0.0,1174
350,1175,364,1,0.0,0.0,1175
934,1176,119,1,0.0,0.0,1176
1163,1177,91,1,0.0,0.0,1177
1943,1178,21,1,0.0,0.0,1178
854,1179,133,1,0.0,0.0,1179
691,1180,171,1,0.0,0.0,1180
388,1181,335,1,0.0,0.0,1181
436,1182,291,1,0.0,0.0,1182
1530,1183,54,1,0.0,0.0,1183
1092,1184,98,1,0.0,0.0,1184
1390,1185,68,1,0.0,0.0,1185
1131,1186,95,1,0.0,0.0,1186
499,1187,247,1,0.0,0.0,1187
1045,1188,104,1,0.0,0.0,1188
827,1189,139,1,0.0,0.0,1189
1508,1190,56,1,0.0,0.0,1190
1132,1191,95,1,0.0,0.0,1191
1531,1192,54,1,0.0,0.0,1192
1456,1193,61,1,0.0,0.0,1193
1915,1194,24,1,0.0,0.0,1194
150,1195,753,1,0.0,0.0,1195
1906,1196,25,1,0.0,0.0,1196
680,1197,174,1,0.0,0.0,1197
1532,1198,54,1,0.0,0.0,1198
11,1199,5763,1,0.0,0.0,1199
1495,1200,57,1,0.0,0.0,1200
1811,1201,34,1,0.0,0.0,1201
1907,1202,25,1,0.0,0.0,1202
463,1203,274,1,0.0,0.0,1203
1623,1204,47,1,0.0,0.0,1204
714,1205,165,1,0.0,0.0,1205
1643,1206,46,1,0.0,0.0,1206
1701,1207,42,1,0.0,0.0,1207
379,1208,342,1,0.0,0.0,1208
905,1209,124,1,0.0,0.0,1209
444,1210,287,1,0.0,0.0,1210
888,1211,127,1,0.0,0.0,1211
1553,1212,52,1,0.0,0.0,1212
1231,1213,83,1,0.0,0.0,1213
383,1214,340,1,0.0,0.0,1214
1509,1215,56,1,0.0,0.0,1215
1624,1216,47,1,0.0,0.0,1216
1021,1217,108,1,0.0,0.0,1217
1093,1218,98,1,0.0,0.0,1218
996,1219,111,1,0.0,0.0,1219
1346,1220,71,1,0.0,0.0,1220
799,1221,145,1,0.0,0.0,1221
1307,1222,75,1,0.0,0.0,1222
1872,1223,29,1,0.0,0.0,1223
149,1224,759,1,0.0,0.0,1224
1496,1225,57,1,0.0,0.0,1225
935,1226,119,1,0.0,0.0,1226
926,1227,120,1,0.0,0.0,1227
1118,1228,96,1,0.0,0.0,1228
1702,1229,42,1,0.0,0.0,1229
1427,1230,64,1,0.0,0.0,1230
1119,1231,96,1,0.0,0.0,1231
514,1232,241,1,0.0,0.0,1232
239,1233,522,1,0.0,0.0,1233
1308,1234,75,1,0.0,0.0,1234
566,1235,216,1,0.0,0.0,1235
140,1236,799,1,0.0,0.0,1236
927,1237,120,1,0.0,0.0,1237
86,1238,1176,1,0.0,0.0,1238
1379,1239,69,1,0.0,0.0,1239
1717,1240,41,1,0.0,0.0,1240
864,1241,131,1,0.0,0.0,1241
1545,1242,53,1,0.0,0.0,1242
90,1243,1123,1,0.0,0.0,1243
1347,1244,71,1,0.0,0.0,1244
201,1245,599,1,0.0,0.0,1245
1854,1246,31,1,0.0,0.0,1246
1873,1247,29,1,0.0,0.0,1247
1726,1248,40,1,0.0,0.0,1248
573,1249,214,1,0.0,0.0,1249
1204,1250,86,1,0.0,0.0,1250
1625,1251,47,1,0.0,0.0,1251
268,1252,461,1,0.0,0.0,1252
1944,1253,21,1,0.0,0.0,1253
1473,1254,59,1,0.0,0.0,1254
493,1255,250,1,0.0,0.0,1255
360,1256,358,1,0.0,0.0,1256
500,1257,247,1,0.0,0.0,1257
507,1258,243,1,0.0,0.0,1258
1775,1259,36,1,0.0,0.0,1259
398,1260,324,1,0.0,0.0,1260
304,1261,415,1,0.0,0.0,1261
1979,1262,17,1,0.0,0.0,1262
1333,1263,72,1,0.0,0.0,1263
227,1264,553,1,0.0,0.0,1264
735,1265,161,1,0.0,0.0,1265
290,1266,437,1,0.0,0.0,1266
860,1267,132,1,0.0,0.0,1267
1268,1268,79,1,0.0,0.0,1268
951,1269,117,1,0.0,0.0,1269
943,1270,118,1,0.0,0.0,1270
1797,1271,35,1,0.0,0.0,1271
1133,1272,95,1,0.0,0.0,1272
614,1273,198,1,0.0,0.0,1273
186,1274,635,1,0.0,0.0,1274
406,1275,316,1,0.0,0.0,1275
486,1276,255,1,0.0,0.0,1276
1727,1277,40,1,0.0,0.0,1277
786,1278,149,1,0.0,0.0,1278
332,1279,381,1,0.0,0.0,1279
598,1280,202,1,0.0,0.0,1280
1626,1281,47,1,0.0,0.0,1281
707,1282,168,1,0.0,0.0,1282
835,1283,137,1,0.0,0.0,1283
750,1284,155,1,0.0,0.0,1284
248,1285,509,1,0.0,0.0,1285
1209,1286,85,1,0.0,0.0,1286
764,1287,152,1,0.0,0.0,1287
641,1288,186,1,0.0,0.0,1288
1061,1289,101,1,0.0,0.0,1289
629,1290,192,1,0.0,0.0,1290
828,1291,139,1,0.0,0.0,1291
508,1292,243,1,0.0,0.0,1292
1874,1293,29,1,0.0,0.0,1293
558,1294,218,1,0.0,0.0,1294
218,1295,565,1,0.0,0.0,1295
1210,1296,85,1,0.0,0.0,1296
1046,1297,104,1,0.0,0.0,1297
1875,1298,29,1,0.0,0.0,1298
816,1299,141,1,0.0,0.0,1299
770,1300,151,1,0.0,0.0,1300
1627,1301,47,1,0.0,0.0,1301
892,1302,126,1,0.0,0.0,1302
1673,1303,44,1,0.0,0.0,1303
893,1304,126,1,0.0,0.0,1304
1075,1305,100,1,0.0,0.0,1305
1986,1306,16,1,0.0,0.0,1306
563,1307,217,1,0.0,0.0,1307
189,1308,627,1,0.0,0.0,1308
298,1309,425,1,0.0,0.0,1309
845,1310,134,1,0.0,0.0,1310
1728,1311,40,1,0.0,0.0,1311
246,1312,513,1,0.0,0.0,1312
434,1313,292,1,0.0,0.0,1313
1052,1314,103,1,0.0,0.0,1314
1474,1315,59,1,0.0,0.0,1315
1690,1316,43,1,0.0,0.0,1316
692,1317,171,1,0.0,0.0,1317
1320,1318,73,1,0.0,0.0,1318
1104,1319,97,1,0.0,0.0,1319
1703,1320,42,1,0.0,0.0,1320
846,1321,134,1,0.0,0.0,1321
1457,1322,61,1,0.0,0.0,1322
980,1323,113,1,0.0,0.0,1323
1434,1324,63,1,0.0,0.0,1324
24,1325,3135,1,0.0,0.0,1325
1463,1326,60,1,0.0,0.0,1326
1105,1327,97,1,0.0,0.0,1327
817,1328,141,1,0.0,0.0,1328
1152,1329,93,1,0.0,0.0,1329
1164,1330,91,1,0.0,0.0,1330
1691,1331,43,1,0.0,0.0,1331
1567,1332,51,1,0.0,0.0,1332
1348,1333,71,1,0.0,0.0,1333
1776,1334,36,1,0.0,0.0,1334
1674,1335,44,1,0.0,0.0,1335
990,1336,112,1,0.0,0.0,1336
2020,1337,12,1,0.0,0.0,1337
1812,1338,34,1,0.0,0.0,1338
723,1339,163,1,0.0,0.0,1339
1601,1340,49,1,0.0,0.0,1340
997,1341,111,1,0.0,0.0,1341
1391,1342,68,1,0.0,0.0,1342
700,1343,169,1,0.0,0.0,1343
936,1344,119,1,0.0,0.0,1344
642,1345,186,1,0.0,0.0,1345
1980,1346,17,1,0.0,0.0,1346
868,1347,130,1,0.0,0.0,1347
914,1348,123,1,0.0,0.0,1348
109,1349,954,1,0.0,0.0,1349
998,1350,111,1,0.0,0.0,1350
745,1351,157,1,0.0,0.0,1351
1435,1352,63,1,0.0,0.0,1352
446,1353,286,1,0.0,0.0,1353
1675,1354,44,1,0.0,0.0,1354
1729,1355,40,1,0.0,0.0,1355
684,1356,173,1,0.0,0.0,1356
39,1357,2073,1,0.0,0.0,1357
1614,1358,48,1,0.0,0.0,1358
1959,1359,19,1,0.0,0.0,1359
1380,1360,69,1,0.0,0.0,1360
1949,1361,20,1,0.0,0.0,1361
344,1362,367,1,0.0,0.0,1362
920,1363,121,1,0.0,0.0,1363
1076,1364,100,1,0.0,0.0,1364
198,1365,607,1,0.0,0.0,1365
369,1366,351,1,0.0,0.0,1366
646,1367,184,1,0.0,0.0,1367
1142,1368,94,1,0.0,0.0,1368
1628,1369,47,1,0.0,0.0,1369
477,1370,260,1,0.0,0.0,1370
1987,1371,16,1,0.0,0.0,1371
1297,1372,76,1,0.0,0.0,1372
1298,1373,76,1,0.0,0.0,1373
991,1374,112,1,0.0,0.0,1374
509,1375,243,1,0.0,0.0,1375
1971,1376,18,1,0.0,0.0,1376
1057,1377,102,1,0.0,0.0,1377
1047,1378,104,1,0.0,0.0,1378
970,1379,114,1,0.0,0.0,1379
441,1381,288,1,0.0,0.0,1381
364,1382,354,1,0.0,0.0,1382
1546,1383,53,1,0.0,0.0,1383
55,1384,1699,1,0.0,0.0,1384
36,1385,2241,1,0.0,0.0,1385
314,1386,403,1,0.0,0.0,1386
581,1387,210,1,0.0,0.0,1387
1855,1388,31,1,0.0,0.0,1388
1211,1389,85,1,0.0,0.0,1389
1349,1390,71,1,0.0,0.0,1390
70,1391,1427,1,0.0,0.0,1391
1813,1392,34,1,0.0,0.0,1392
1881,1393,28,1,0.0,0.0,1393
1615,1394,48,1,0.0,0.0,1394
1016,1395,109,1,0.0,0.0,1395
1362,1396,70,1,0.0,0.0,1396
1062,1397,101,1,0.0,0.0,1397
1334,1398,72,1,0.0,0.0,1398
981,1399,113,1,0.0,0.0,1399
574,1400,213,1,0.0,0.0,1400
894,1401,126,1,0.0,0.0,1401
1464,1402,60,1,0.0,0.0,1402
1704,1403,42,1,0.0,0.0,1403
407,1404,316,1,0.0,0.0,1404
134,1405,838,1,0.0,0.0,1405
1392,1406,68,1,0.0,0.0,1406
1034,1407,105,1,0.0,0.0,1407
1876,1408,29,1,0.0,0.0,1408
588,1409,206,1,0.0,0.0,1409
42,1410,1993,1,0.0,0.0,1410
1106,1411,97,1,0.0,0.0,1411
1182,1412,89,1,0.0,0.0,1412
1629,1413,47,1,0.0,0.0,1413
1663,1414,45,1,0.0,0.0,1414
743,1415,158,1,0.0,0.0,1415
425,1416,301,1,0.0,0.0,1416
366,1417,352,1,0.0,0.0,1417
1482,1418,58,1,0.0,0.0,1418
1830,1419,33,1,0.0,0.0,1419
1174,1420,90,1,0.0,0.0,1420
1972,1421,18,1,0.0,0.0,1421
490,1422,252,1,0.0,0.0,1422
829,1423,139,1,0.0,0.0,1423
928,1424,120,1,0.0,0.0,1424
1568,1425,51,1,0.0,0.0,1425
550,1426,223,1,0.0,0.0,1426
638,1427,187,1,0.0,0.0,1427
1475,1428,59,1,0.0,0.0,1428
1630,1429,47,1,0.0,0.0,1429
424,1430,302,1,0.0,0.0,1430
578,1431,212,1,0.0,0.0,1431
937,1432,119,1,0.0,0.0,1432
921,1433,121,1,0.0,0.0,1433
715,1434,165,1,0.0,0.0,1434
1644,1435,46,1,0.0,0.0,1435
958,1436,116,1,0.0,0.0,1436
1363,1437,70,1,0.0,0.0,1437
1569,1438,51,1,0.0,0.0,1438
1831,1439,33,1,0.0,0.0,1439
104,1440,996,1,0.0,0.0,1440
270,1441,457,1,0.0,0.0,1441
709,1442,167,1,0.0,0.0,1442
230,1443,543,1,0.0,0.0,1443
668,1444,177,1,0.0,0.0,1444
771,1445,151,1,0.0,0.0,1445
889,1446,127,1,0.0,0.0,1446
295,1447,431,1,0.0,0.0,1447
1718,1448,41,1,0.0,0.0,1448
457,1449,279,1,0.0,0.0,1449
1945,1450,21,1,0.0,0.0,1450
1676,1451,44,1,0.0,0.0,1451
20,1452,3524,1,0.0,0.0,1452
191,1453,622,1,0.0,0.0,1453
1299,1454,76,1,0.0,0.0,1454
125,1455,892,1,0.0,0.0,1455
791,1456,148,1,0.0,0.0,1456
182,1457,646,1,0.0,0.0,1457
1518,1458,55,1,0.0,0.0,1458
822,1459,140,1,0.0,0.0,1459
1519,1460,55,1,0.0,0.0,1460
1908,1461,25,1,0.0,0.0,1461
1232,1463,83,1,0.0,0.0,1463
1063,1464,101,1,0.0,0.0,1464
1570,1465,51,1,0.0,0.0,1465
1677,1466,44,1,0.0,0.0,1466
1960,1467,19,1,0.0,0.0,1467
175,1468,665,1,0.0,0.0,1468
460,1469,276,1,0.0,0.0,1469
810,1470,142,1,0.0,0.0,1470
1998,1471,15,1,0.0,0.0,1471
708,1472,168,1,0.0,0.0,1472
1520,1473,55,1,0.0,0.0,1473
2031,1474,9,1,0.0,0.0,1474
353,1475,363,1,0.0,0.0,1475
308,1477,408,1,0.0,0.0,1477
1705,1478,42,1,0.0,0.0,1478
843,1479,135,1,0.0,0.0,1479
14,1480,4536,1,0.0,0.0,1480
1022,1481,108,1,0.0,0.0,1481
260,1482,480,1,0.0,0.0,1482
1999,1483,15,1,0.0,0.0,1483
1212,1484,85,1,0.0,0.0,1484
1483,1485,58,1,0.0,0.0,1485
1321,1486,73,1,0.0,0.0,1486
272,1487,448,1,0.0,0.0,1487
1798,1488,35,1,0.0,0.0,1488
555,1489,222,1,0.0,0.0,1489
1381,1490,69,1,0.0,0.0,1490
1889,1491,27,1,0.0,0.0,1491
1961,1492,19,1,0.0,0.0,1492
1988,1493,16,1,0.0,0.0,1493
1465,1494,60,1,0.0,0.0,1494
1309,1495,75,1,0.0,0.0,1495
906,1496,124,1,0.0,0.0,1496
1631,1497,47,1,0.0,0.0,1497
1521,1498,55,1,0.0,0.0,1498
861,1499,132,1,0.0,0.0,1499
1678,1500,44,1,0.0,0.0,1500
225,1501,555,1,0.0,0.0,1501
1692,1502,43,1,0.0,0.0,1502
367,1503,352,1,0.0,0.0,1503
222,1504,557,1,0.0,0.0,1504
1740,1505,39,1,0.0,0.0,1505
162,1506,700,1,0.0,0.0,1506
417,1507,306,1,0.0,0.0,1507
120,1508,908,1,0.0,0.0,1508
1221,1509,84,1,0.0,0.0,1509
437,1510,290,1,0.0,0.0,1510
599,1511,202,1,0.0,0.0,1511
1890,1512,27,1,0.0,0.0,1512
1064,1513,101,1,0.0,0.0,1513
1393,1514,68,1,0.0,0.0,1514
1769,1515,37,1,0.0,0.0,1515
504,1516,245,1,0.0,0.0,1516
681,1517,174,1,0.0,0.0,1517
510,1518,243,1,0.0,0.0,1518
1322,1519,73,1,0.0,0.0,1519
751,1520,155,1,0.0,0.0,1520
358,1521,360,1,0.0,0.0,1521
533,1522,230,1,0.0,0.0,1522
971,1523,114,1,0.0,0.0,1523
648,1524,183,1,0.0,0.0,1524
1962,1525,19,1,0.0,0.0,1525
669,1526,177,1,0.0,0.0,1526
661,1527,178,1,0.0,0.0,1527
1350,1528,71,1,0.0,0.0,1528
752,1529,155,1,0.0,0.0,1529
1094,1530,98,1,0.0,0.0,1530
1946,1531,21,1,0.0,0.0,1531
1143,1532,94,1,0.0,0.0,1532
1602,1533,49,1,0.0,0.0,1533
1246,1534,81,1,0.0,0.0,1534
77,1535,1311,1,0.0,0.0,1535
1411,1537,66,1,0.0,0.0,1537
148,1538,767,1,0.0,0.0,1538
772,1539,151,1,0.0,0.0,1539
1416,1540,65,1,0.0,0.0,1540
732,1541,162,1,0.0,0.0,1541
354,1542,361,1,0.0,0.0,1542
1916,1543,24,1,0.0,0.0,1543
1195,1544,87,1,0.0,0.0,1544
2035,1545,8,1,0.0,0.0,1545
1741,1546,39,1,0.0,0.0,1546
1522,1547,55,1,0.0,0.0,1547
1590,1548,50,1,0.0,0.0,1548
1554,1549,52,1,0.0,0.0,1549
1286,1550,77,1,0.0,0.0,1550
1706,1551,42,1,0.0,0.0,1551
1065,1552,101,1,0.0,0.0,1552
2026,1553,11,1,0.0,0.0,1553
982,1554,113,1,0.0,0.0,1554
1632,1555,47,1,0.0,0.0,1555
1175,1556,90,1,0.0,0.0,1556
1777,1557,36,1,0.0,0.0,1557
1351,1558,71,1,0.0,0.0,1558
1973,1559,18,1,0.0,0.0,1559
1645,1560,46,1,0.0,0.0,1560
972,1561,114,1,0.0,0.0,1561
1770,1562,37,1,0.0,0.0,1562
662,1563,178,1,0.0,0.0,1563
96,1564,1055,1,0.0,0.0,1564
1165,1565,91,1,0.0,0.0,1565
1989,1566,16,1,0.0,0.0,1566
80,1567,1277,1,0.0,0.0,1567
1947,1568,21,1,0.0,0.0,1568
1382,1569,69,1,0.0,0.0,1569
523,1570,236,1,0.0,0.0,1570
907,1571,124,1,0.0,0.0,1571
818,1572,141,1,0.0,0.0,1572
92,1573,1095,1,0.0,0.0,1573
922,1574,121,1,0.0,0.0,1574
695,1575,170,1,0.0,0.0,1575
1555,1576,52,1,0.0,0.0,1576
1323,1577,73,1,0.0,0.0,1577
929,1578,120,1,0.0,0.0,1578
1937,1579,22,1,0.0,0.0,1579
1035,1580,105,1,0.0,0.0,1580
517,1581,239,1,0.0,0.0,1581
579,1582,212,1,0.0,0.0,1582
1633,1583,47,1,0.0,0.0,1583
895,1584,126,1,0.0,0.0,1584
1436,1585,63,1,0.0,0.0,1585
317,1586,399,1,0.0,0.0,1586
1166,1587,91,1,0.0,0.0,1587
1909,1588,25,1,0.0,0.0,1588
129,1589,878,1,0.0,0.0,1589
1394,1590,68,1,0.0,0.0,1590
1417,1591,65,1,0.0,0.0,1591
1269,1592,79,1,0.0,0.0,1592
1974,1593,18,1,0.0,0.0,1593
1107,1594,97,1,0.0,0.0,1594
753,1595,155,1,0.0,0.0,1595
1679,1596,44,1,0.0,0.0,1596
404,1597,319,1,0.0,0.0,1597
959,1598,116,1,0.0,0.0,1598
371,1599,350,1,0.0,0.0,1599
1752,1600,38,1,0.0,0.0,1600
428,1601,299,1,0.0,0.0,1601
101,1602,1003,1,0.0,0.0,1602
165,1603,694,1,0.0,0.0,1603
44,1604,1925,1,0.0,0.0,1604
1247,1605,81,1,0.0,0.0,1605
2036,1606,8,1,0.0,0.0,1606
127,1607,887,1,0.0,0.0,1607
1120,1608,96,1,0.0,0.0,1608
710,1609,167,1,0.0,0.0,1609
717,1610,164,1,0.0,0.0,1610
1364,1611,70,1,0.0,0.0,1611
1108,1612,97,1,0.0,0.0,1612
1144,1613,94,1,0.0,0.0,1613
1109,1614,97,1,0.0,0.0,1614
1399,1615,67,1,0.0,0.0,1615
1352,1616,71,1,0.0,0.0,1616
385,1617,338,1,0.0,0.0,1617
415,1618,309,1,0.0,0.0,1618
1437,1619,63,1,0.0,0.0,1619
773,1620,151,1,0.0,0.0,1620
1664,1621,45,1,0.0,0.0,1621
408,1622,316,1,0.0,0.0,1622
615,1623,198,1,0.0,0.0,1623
536,1624,229,1,0.0,0.0,1624
1910,1625,25,1,0.0,0.0,1625
294,1626,433,1,0.0,0.0,1626
530,1627,232,1,0.0,0.0,1627
1950,1628,20,1,0.0,0.0,1628
1646,1629,46,1,0.0,0.0,1629
944,1630,118,1,0.0,0.0,1630
1412,1632,66,1,0.0,0.0,1632
1365,1633,70,1,0.0,0.0,1633
180,1634,649,1,0.0,0.0,1634
1778,1635,36,1,0.0,0.0,1635
1647,1636,46,1,0.0,0.0,1636
832,1637,138,1,0.0,0.0,1637
600,1638,202,1,0.0,0.0,1638
1951,1639,20,1,0.0,0.0,1639
1523,1640,55,1,0.0,0.0,1640
1418,1641,65,1,0.0,0.0,1641
746,1642,157,1,0.0,0.0,1642
1693,1643,43,1,0.0,0.0,1643
1077,1644,100,1,0.0,0.0,1644
482,1645,257,1,0.0,0.0,1645
271,1646,457,1,0.0,0.0,1646
232,1647,541,1,0.0,0.0,1647
917,1648,122,1,0.0,0.0,1648
454,1649,281,1,0.0,0.0,1649
1814,1650,34,1,0.0,0.0,1650
1300,1651,76,1,0.0,0.0,1651
1533,1652,54,1,0.0,0.0,1652
973,1653,114,1,0.0,0.0,1653
1121,1654,96,1,0.0,0.0,1654
253,1655,500,1,0.0,0.0,1655
1484,1656,58,1,0.0,0.0,1656
1122,1657,96,1,0.0,0.0,1657
1534,1658,54,1,0.0,0.0,1658
1648,1659,46,1,0.0,0.0,1659
1753,1660,38,1,0.0,0.0,1660
896,1661,126,1,0.0,0.0,1661
1497,1662,57,1,0.0,0.0,1662
663,1663,178,1,0.0,0.0,1663
1183,1664,89,1,0.0,0.0,1664
111,1665,945,1,0.0,0.0,1665
1087,1666,99,1,0.0,0.0,1666
346,1667,366,1,0.0,0.0,1667
634,1668,189,1,0.0,0.0,1668
467,1669,268,1,0.0,0.0,1669
82,1670,1226,1,0.0,0.0,1670
938,1671,119,1,0.0,0.0,1671
1856,1672,31,1,0.0,0.0,1672
1324,1673,73,1,0.0,0.0,1673
1779,1674,36,1,0.0,0.0,1674
781,1675,150,1,0.0,0.0,1675
1498,1676,57,1,0.0,0.0,1676
1155,1677,92,1,0.0,0.0,1677
1315,1678,74,1,0.0,0.0,1678
915,1679,123,1,0.0,0.0,1679
1649,1680,46,1,0.0,0.0,1680
546,1681,224,1,0.0,0.0,1681
559,1682,218,1,0.0,0.0,1682
31,1683,2332,1,0.0,0.0,1683
1188,1684,88,1,0.0,0.0,1684
611,1685,199,1,0.0,0.0,1685
847,1686,134,1,0.0,0.0,1686
983,1687,113,1,0.0,0.0,1687
1535,1688,54,1,0.0,0.0,1688
1270,1689,79,1,0.0,0.0,1689
1023,1690,108,1,0.0,0.0,1690
285,1691,438,1,0.0,0.0,1691
736,1692,161,1,0.0,0.0,1692
547,1693,224,1,0.0,0.0,1693
737,1694,161,1,0.0,0.0,1694
649,1695,182,1,0.0,0.0,1695
75,1696,1362,1,0.0,0.0,1696
63,1697,1527,1,0.0,0.0,1697
1499,1698,57,1,0.0,0.0,1698
1832,1699,33,1,0.0,0.0,1699
811,1700,142,1,0.0,0.0,1700
841,1701,136,1,0.0,0.0,1701
1963,1702,19,1,0.0,0.0,1702
1917,1703,24,1,0.0,0.0,1703
1095,1704,98,1,0.0,0.0,1704
372,1705,350,1,0.0,0.0,1705
880,1706,128,1,0.0,0.0,1706
1017,1707,109,1,0.0,0.0,1707
401,1708,321,1,0.0,0.0,1708
1918,1709,24,1,0.0,0.0,1709
1861,1710,30,1,0.0,0.0,1710
1952,1711,20,1,0.0,0.0,1711
897,1712,125,1,0.0,0.0,1712
999,1713,111,1,0.0,0.0,1713
1466,1714,60,1,0.0,0.0,1714
382,1715,341,1,0.0,0.0,1715
1176,1716,90,1,0.0,0.0,1716
543,1717,226,1,0.0,0.0,1717
635,1718,189,1,0.0,0.0,1718
474,1719,263,1,0.0,0.0,1719
984,1720,113,1,0.0,0.0,1720
429,1721,299,1,0.0,0.0,1721
15,1722,4286,1,0.0,0.0,1722
587,1723,207,1,0.0,0.0,1723
339,1724,374,1,0.0,0.0,1724
1400,1725,67,1,0.0,0.0,1725
742,1726,159,1,0.0,0.0,1726
644,1727,185,1,0.0,0.0,1727
1771,1728,37,1,0.0,0.0,1728
297,1729,427,1,0.0,0.0,1729
945,1730,118,1,0.0,0.0,1730
276,1731,446,1,0.0,0.0,1731
1938,1732,22,1,0.0,0.0,1732
156,1733,719,1,0.0,0.0,1733
1316,1734,74,1,0.0,0.0,1734
1754,1735,38,1,0.0,0.0,1735
869,1736,130,1,0.0,0.0,1736
567,1737,216,1,0.0,0.0,1737
68,1738,1434,1,0.0,0.0,1738
1301,1739,76,1,0.0,0.0,1739
1919,1740,24,1,0.0,0.0,1740
908,1741,124,1,0.0,0.0,1741
765,1742,152,1,0.0,0.0,1742
1877,1743,29,1,0.0,0.0,1743
1255,1744,80,1,0.0,0.0,1744
105,1745,995,1,0.0,0.0,1745
274,1746,447,1,0.0,0.0,1746
267,1747,465,1,0.0,0.0,1747
1929,1748,23,1,0.0,0.0,1748
281,1749,442,1,0.0,0.0,1749
1981,1751,17,1,0.0,0.0,1751
1066,1752,101,1,0.0,0.0,1752
1755,1753,38,1,0.0,0.0,1753
26,1754,2719,1,0.0,0.0,1754
1742,1755,39,1,0.0,0.0,1755
538,1756,228,1,0.0,0.0,1756
823,1757,140,1,0.0,0.0,1757
1123,1758,96,1,0.0,0.0,1758
685,1759,173,1,0.0,0.0,1759
1556,1760,52,1,0.0,0.0,1760
1213,1761,85,1,0.0,0.0,1761
627,1762,193,1,0.0,0.0,1762
1571,1763,51,1,0.0,0.0,1763
1024,1764,108,1,0.0,0.0,1764
84,1765,1208,1,0.0,0.0,1765
812,1766,142,1,0.0,0.0,1766
1920,1767,24,1,0.0,0.0,1767
898,1768,125,1,0.0,0.0,1768
1256,1769,80,1,0.0,0.0,1769
1214,1770,85,1,0.0,0.0,1770
422,1771,304,1,0.0,0.0,1771
1743,1772,39,1,0.0,0.0,1772
537,1773,229,1,0.0,0.0,1773
1694,1774,43,1,0.0,0.0,1774
526,1775,234,1,0.0,0.0,1775
1921,1776,24,1,0.0,0.0,1776
960,1777,116,1,0.0,0.0,1777
1048,1778,104,1,0.0,0.0,1778
676,1779,175,1,0.0,0.0,1779
1302,1780,76,1,0.0,0.0,1780
1366,1781,70,1,0.0,0.0,1781
1536,1782,54,1,0.0,0.0,1782
238,1783,523,1,0.0,0.0,1783
946,1784,118,1,0.0,0.0,1784
1067,1785,101,1,0.0,0.0,1785
1572,1786,51,1,0.0,0.0,1786
1990,1787,16,1,0.0,0.0,1787
1134,1788,95,1,0.0,0.0,1788
2037,1789,8,1,0.0,0.0,1789
761,1790,153,1,0.0,0.0,1790
66,1791,1488,1,0.0,0.0,1791
621,1792,195,1,0.0,0.0,1792
1018,1793,109,1,0.0,0.0,1793
518,1794,238,1,0.0,0.0,1794
187,1795,634,1,0.0,0.0,1795
1233,1796,83,1,0.0,0.0,1796
813,1797,142,1,0.0,0.0,1797
814,1798,142,1,0.0,0.0,1798
603,1799,201,1,0.0,0.0,1799
645,1800,185,1,0.0,0.0,1800
1458,1801,61,1,0.0,0.0,1801
1401,1802,67,1,0.0,0.0,1802
158,1803,715,1,0.0,0.0,1803
1008,1804,110,1,0.0,0.0,1804
1557,1805,52,1,0.0,0.0,1805
1634,1806,47,1,0.0,0.0,1806
1500,1807,57,1,0.0,0.0,1807
87,1808,1156,1,0.0,0.0,1808
282,1809,440,1,0.0,0.0,1809
99,1810,1012,1,0.0,0.0,1810
961,1811,116,1,0.0,0.0,1811
806,1812,144,1,0.0,0.0,1812
1450,1813,62,1,0.0,0.0,1813
389,1814,332,1,0.0,0.0,1814
985,1815,113,1,0.0,0.0,1815
22,1816,3441,1,0.0,0.0,1816
309,1817,408,1,0.0,0.0,1817
1257,1818,80,1,0.0,0.0,1818
1058,1819,102,1,0.0,0.0,1819
528,1820,233,1,0.0,0.0,1820
1878,1821,29,1,0.0,0.0,1821
1110,1822,97,1,0.0,0.0,1822
81,1823,1275,1,0.0,0.0,1823
1317,1824,74,1,0.0,0.0,1824
83,1825,1222,1,0.0,0.0,1825
1815,1826,34,1,0.0,0.0,1826
548,1827,224,1,0.0,0.0,1827
399,1828,324,1,0.0,0.0,1828
1991,1829,16,1,0.0,0.0,1829
1891,1830,27,1,0.0,0.0,1830
1402,1831,67,1,0.0,0.0,1831
456,1832,280,1,0.0,0.0,1832
330,1833,382,1,0.0,0.0,1833
2016,1834,13,1,0.0,0.0,1834
1501,1835,57,1,0.0,0.0,1835
1335,1836,72,1,0.0,0.0,1836
491,1837,252,1,0.0,0.0,1837
1780,1838,36,1,0.0,0.0,1838
625,1839,194,1,0.0,0.0,1839
183,1840,645,1,0.0,0.0,1840
1781,1841,36,1,0.0,0.0,1841
1558,1842,52,1,0.0,0.0,1842
1336,1843,72,1,0.0,0.0,1843
618,1844,197,1,0.0,0.0,1844
636,1845,189,1,0.0,0.0,1845
1559,1846,52,1,0.0,0.0,1846
458,1847,279,1,0.0,0.0,1847
426,1848,301,1,0.0,0.0,1848
402,1849,320,1,0.0,0.0,1849
807,1850,144,1,0.0,0.0,1850
792,1851,148,1,0.0,0.0,1851
326,1852,387,1,0.0,0.0,1852
515,1853,241,1,0.0,0.0,1853
278,1854,444,1,0.0,0.0,1854
16,1855,4264,1,0.0,0.0,1855
774,1856,151,1,0.0,0.0,1856
1719,1857,41,1,0.0,0.0,1857
650,1858,182,1,0.0,0.0,1858
1234,1859,83,1,0.0,0.0,1859
481,1860,258,1,0.0,0.0,1860
836,1861,137,1,0.0,0.0,1861
670,1862,177,1,0.0,0.0,1862
733,1863,162,1,0.0,0.0,1863
909,1864,124,1,0.0,0.0,1864
1096,1865,98,1,0.0,0.0,1865
50,1866,1846,1,0.0,0.0,1866
1145,1867,94,1,0.0,0.0,1867
1603,1868,49,1,0.0,0.0,1868
1707,1869,42,1,0.0,0.0,1869
2027,1870,11,1,0.0,0.0,1870
1799,1871,35,1,0.0,0.0,1871
1325,1872,73,1,0.0,0.0,1872
1939,1874,22,1,0.0,0.0,1874
1897,1875,26,1,0.0,0.0,1875
431,1876,296,1,0.0,0.0,1876
433,1877,294,1,0.0,0.0,1877
1922,1878,24,1,0.0,0.0,1878
293,1879,434,1,0.0,0.0,1879
1892,1880,27,1,0.0,0.0,1880
1635,1881,47,1,0.0,0.0,1881
1616,1882,48,1,0.0,0.0,1882
1222,1883,84,1,0.0,0.0,1883
575,1884,213,1,0.0,0.0,1884
1695,1885,43,1,0.0,0.0,1885
1573,1886,51,1,0.0,0.0,1886
242,1887,517,1,0.0,0.0,1887
501,1888,247,1,0.0,0.0,1888
1720,1889,41,1,0.0,0.0,1889
2000,1890,15,1,0.0,0.0,1890
1604,1891,49,1,0.0,0.0,1891
494,1892,250,1,0.0,0.0,1892
1459,1893,61,1,0.0,0.0,1893
1847,1894,32,1,0.0,0.0,1894
1395,1895,68,1,0.0,0.0,1895
1650,1896,46,1,0.0,0.0,1896
654,1897,181,1,0.0,0.0,1897
258,1898,481,1,0.0,0.0,1898
1574,1899,51,1,0.0,0.0,1899
1898,1900,26,1,0.0,0.0,1900
1665,1901,45,1,0.0,0.0,1901
1485,1902,58,1,0.0,0.0,1902
713,1903,166,1,0.0,0.0,1903
1258,1904,80,1,0.0,0.0,1904
178,1905,659,1,0.0,0.0,1905
1591,1906,50,1,0.0,0.0,1906
1708,1907,42,1,0.0,0.0,1907
1036,1908,105,1,0.0,0.0,1908
1271,1909,79,1,0.0,0.0,1909
152,1910,746,1,0.0,0.0,1910
143,1911,785,1,0.0,0.0,1911
396,1912,325,1,0.0,0.0,1912
2021,1913,12,1,0.0,0.0,1913
824,1914,140,1,0.0,0.0,1914
626,1915,194,1,0.0,0.0,1915
1782,1916,36,1,0.0,0.0,1916
1009,1918,110,1,0.0,0.0,1918
612,1919,199,1,0.0,0.0,1919
171,1920,681,1,0.0,0.0,1920
757,1921,154,1,0.0,0.0,1921
449,1922,284,1,0.0,0.0,1922
701,1923,169,1,0.0,0.0,1923
1899,1924,26,1,0.0,0.0,1924
411,1925,312,1,0.0,0.0,1925
1486,1927,58,1,0.0,0.0,1927
34,1928,2270,1,0.0,0.0,1928
738,1929,160,1,0.0,0.0,1929
283,1930,440,1,0.0,0.0,1930
1982,1931,17,1,0.0,0.0,1931
1272,1932,79,1,0.0,0.0,1932
1848,1933,32,1,0.0,0.0,1933
442,1934,288,1,0.0,0.0,1934
2001,1935,15,1,0.0,0.0,1935
1367,1936,70,1,0.0,0.0,1936
374,1937,346,1,0.0,0.0,1937
1177,1938,90,1,0.0,0.0,1938
606,1939,200,1,0.0,0.0,1939
487,1940,254,1,0.0,0.0,1940
1259,1941,80,1,0.0,0.0,1941
1547,1942,53,1,0.0,0.0,1942
1184,1943,89,1,0.0,0.0,1943
1124,1944,96,1,0.0,0.0,1944
1560,1945,52,1,0.0,0.0,1945
155,1946,727,1,0.0,0.0,1946
1833,1947,33,1,0.0,0.0,1947
241,1948,518,1,0.0,0.0,1948
527,1949,234,1,0.0,0.0,1949
1287,1950,77,1,0.0,0.0,1950
334,1951,380,1,0.0,0.0,1951
1326,1952,73,1,0.0,0.0,1952
556,1953,222,1,0.0,0.0,1953
534,1954,230,1,0.0,0.0,1954
1240,1955,82,1,0.0,0.0,1955
135,1956,836,1,0.0,0.0,1956
1396,1957,68,1,0.0,0.0,1957
1849,1958,32,1,0.0,0.0,1958
139,1959,801,1,0.0,0.0,1959
1135,1960,95,1,0.0,0.0,1960
1153,1961,93,1,0.0,0.0,1961
855,1962,133,1,0.0,0.0,1962
549,1964,224,1,0.0,0.0,1964
1709,1965,42,1,0.0,0.0,1965
1353,1966,71,1,0.0,0.0,1966
1862,1967,30,1,0.0,0.0,1967
1273,1968,79,1,0.0,0.0,1968
495,1969,250,1,0.0,0.0,1969
29,1970,2492,1,0.0,0.0,1970
159,1971,710,1,0.0,0.0,1971
136,1972,831,1,0.0,0.0,1972
1964,1973,19,1,0.0,0.0,1973
1189,1974,88,1,0.0,0.0,1974
529,1975,233,1,0.0,0.0,1975
1730,1976,40,1,0.0,0.0,1976
1288,1977,77,1,0.0,0.0,1977
176,1978,665,1,0.0,0.0,1978
1923,1979,24,1,0.0,0.0,1979
589,1980,205,1,0.0,0.0,1980
1337,1981,72,1,0.0,0.0,1981
848,1982,134,1,0.0,0.0,1982
1783,1983,36,1,0.0,0.0,1983
464,1984,272,1,0.0,0.0,1984
196,1985,612,1,0.0,0.0,1985
531,1986,231,1,0.0,0.0,1986
1965,1987,19,1,0.0,0.0,1987
1850,1988,32,1,0.0,0.0,1988
262,1989,478,1,0.0,0.0,1989
455,1990,281,1,0.0,0.0,1990
98,1991,1027,1,0.0,0.0,1991
711,1992,167,1,0.0,0.0,1992
365,1993,354,1,0.0,0.0,1993
1756,1994,38,1,0.0,0.0,1994
1260,1995,80,1,0.0,0.0,1995
373,1996,350,1,0.0,0.0,1996
1419,1997,65,1,0.0,0.0,1997
215,1998,573,1,0.0,0.0,1998
311,1999,407,1,0.0,0.0,1999
340,2000,374,1,0.0,0.0,2000
1816,2001,34,1,0.0,0.0,2001
1863,2002,30,1,0.0,0.0,2002
1834,2003,33,1,0.0,0.0,2003
107,2004,981,1,0.0,0.0,2004
1983,2005,17,1,0.0,0.0,2005
1592,2006,50,1,0.0,0.0,2006
1248,2007,81,1,0.0,0.0,2007
1368,2008,70,1,0.0,0.0,2008
58,2009,1651,1,0.0,0.0,2009
1575,2010,51,1,0.0,0.0,2010
1911,2011,25,1,0.0,0.0,2011
1167,2012,91,1,0.0,0.0,2012
682,2013,174,1,0.0,0.0,2013
1241,2014,82,1,0.0,0.0,2014
2022,2015,12,1,0.0,0.0,2015
1680,2016,44,1,0.0,0.0,2016
830,2017,139,1,0.0,0.0,2017
1289,2018,77,1,0.0,0.0,2018
1420,2019,65,1,0.0,0.0,2019
1078,2020,100,1,0.0,0.0,2020
234,2021,525,1,0.0,0.0,2021
1146,2022,94,1,0.0,0.0,2022
1053,2023,103,1,0.0,0.0,2023
687,2024,172,1,0.0,0.0,2024
899,2025,125,1,0.0,0.0,2025
881,2026,128,1,0.0,0.0,2026
1223,2027,84,1,0.0,0.0,2027
939,2028,119,1,0.0,0.0,2028
1369,2029,70,1,0.0,0.0,2029
775,2030,151,1,0.0,0.0,2030
1953,2031,20,1,0.0,0.0,2031
1025,2032,108,1,0.0,0.0,2032
100,2033,1008,1,0.0,0.0,2033
355,2034,361,1,0.0,0.0,2034
1428,2035,64,1,0.0,0.0,2035
1487,2036,58,1,0.0,0.0,2036
1068,2037,101,1,0.0,0.0,2037
568,2038,215,1,0.0,0.0,2038
1617,2039,48,1,0.0,0.0,2039
1800,2040,35,1,0.0,0.0,2040
390,2041,332,1,0.0,0.0,2041
630,2042,191,1,0.0,0.0,2042
1757,2043,38,1,0.0,0.0,2043
992,2044,112,1,0.0,0.0,2044
1235,2045,83,1,0.0,0.0,2045
1835,2046,33,1,0.0,0.0,2046
882,2047,128,1,0.0,0.0,2047
